NOM_ST_NO,ST_NO_1,ST_NO_2,ST_NO_3,ST_NO_4,ST_NO_5,ST_NO_6,ST_NO_7,ST_NO_8,ST_NO_9,ST_NO_10
AN0543D5, , , , , , , , , , 
AN0543D5,AN0543D6, , , , , , , , , 
AN0543D5,DP0748D1, , , , , , , , , 
AN0543D5,DP0748D1,DP0590D1, , , , , , , , 
AN0543D5,DP0590D1,DP0748D1, , , , , , , , 
AN0543D5,,,,,,,,,,
AN0691D1, , , , , , , , , , 
AN0691D1,DT0143D8, , , , , , , , , 
AN0691D2, , , , , , , , , , 
AN0691D2,,,,,,,,,,
AN0891D1, , , , , , , , , , 
AN0891D1,,,,,,,,,,
AN1053E5, , , , , , , , , , 
AN1064E5, , , , , , , , , , 
AN1064E5,AP0941D1, , , , , , , , , 
AN1064E5,,,,,,,,,,
AN1111C5, , , , , , , , , , 
AN1122Z1, , , , , , , , , , 
AN1122Z1,AN1122Z2, , , , , , , , , 
AN1122Z1,AP1055E5, , , , , , , , , 
AN1122Z1,AN1122Z2,AN1122Z3,AN1122Z4, , , , , , , 
AN1122Z1,AN1064E5,AN1540E5,AP0961E1,AN0691D1,AP1056E1,AP1055E5,AQ1060H5,AN0543D5,AP0540D1, 
AN1122Z1,AN1064E5,AN1540E5,AP0961E1,AN0691D1,AP1056E1,AP1055E5,AQ1060H5,AN0543D5,AP1052E5,AP0540D1
AN1122Z1,AN1064E5,AN1540E5,AP0961E1,AN0691D1,AP1056E1,AP1055E5,AQ1060H5,AN0543D5,DP0161D1,AP0540D1
AN1122Z1,,,,,,,,,,
AN1122Z2, , , , , , , , , , 
AN1122Z2,AP1550E5,AP1261E1,AN1950E1, , , , , , , 
AN1122Z2,AP1550E5,AP1261E1,AN1950E1,AN1540E5, , , , , , 
AN1122Z2,AN1064E5,AN1540E5,AP0961E1,AN0691D1,AP1056E1,AP1055E5,AQ1060H5,AN0543D5,AP0540D1, 
AN1122Z2,AN1064E5,AN1540E5,AP0961E1,AN0691D1,AP1056E1,AP1055E5,AQ1060H5,AN0543D5,DP0161D1,AP0540D1
AN1122Z2,,,,,,,,,,
AN1122Z3, , , , , , , , , , 
AN1122Z3,AN1122Z4,AN1540E5,AP0961E1,AN0691D1,AP1056E1,AP1055E5, , , , 
AN1122Z3,AN1122Z4,AN1540E5,AP0961E1,AN0691D1,AP1056E1,AP1055E5,AN1122Z2,AP1052E5, , 
AN1122Z3,,,,,,,,,,
AN1122Z4, , , , , , , , , , 
AN1540E5, , , , , , , , , , 
AN1540E5,AN1540E5, , , , , , , , , 
AN1540E5,,,,,,,,,,
AN1950E1, , , , , , , , , , 
AN1950E1,,,,,,,,,,
AN2222Z1, , , , , , , , , , 
AN2222Z1,DT0159D1, , , , , , , , , 
AN2222Z1,DT0159D1,DQ0159D1, , , , , , , , 
AN2222Z1,DT0159D1,DQ0159D1,AN6666Z1, , , , , , , 
AN2222Z1,DT0159D1,DQ0159D1,AN6666Z1,AN6666Z2, , , , , , 
AN2222Z1,,,,,,,,,,
AN2233Z1, , , , , , , , , , 
AN2233Z1,AN2222Z1, , , , , , , , , 
AN2233Z1,AN2233Z2, , , , , , , , , 
AN2233Z1,AN2222Z1,AN2233Z2, , , , , , , , 
AN2233Z1,AN2233Z2,AN4444Z1, , , , , , , , 
AN2233Z1,,,,,,,,,,
AN2233Z2, , , , , , , , , , 
AN2233Z2,,,,,,,,,,
AN4444Z1, , , , , , , , , , 
AN4444Z1,AN2233Z1,AN2233Z2,AN2222Z1, , , , , , , 
AN4444Z1,,,,,,,,,,
AN6666Z1, , , , , , , , , , 
AN6666Z1,AN6666Z2, , , , , , , , , 
AN6666Z1,,,,,,,,,,
AN6666Z2, , , , , , , , , , 
AN6666Z3, , , , , , , , , , 
AN7777Z1, , , , , , , , , , 
AN8888Z1, , , , , , , , , , 
AP0540D1, , , , , , , , , , 
AP0540D1,,,,,,,,,,
AP0941D1, , , , , , , , , , 
AP0941D1,,,,,,,,,,
AP0942D1, , , , , , , , , , 
AP0942D1,,,,,,,,,,
AP0943D1, , , , , , , , , , 
AP0945D1, , , , , , , , , , 
AP0945D1,,,,,,,,,,
AP0951E1, , , , , , , , , , 
AP0952E1, , , , , , , , , , 
AP0954E1, , , , , , , , , , 
AP0956E1, , , , , , , , , , 
AP0961E1, , , , , , , , , , 
AP0961E1,AN1122Z1, , , , , , , , , 
AP0961E1,AN1122Z4, , , , , , , , , 
AP0961E1,AP1056E1, , , , , , , , , 
AP0961E1,AN1122Z4,AN1122Z1, , , , , , , , 
AP0961E1,AN0691D1,AQ1060H5,DP0541D1,AN0543D5,AP0540D1, , , , , 
AP0961E1,AN1064E5,AP0941D1,AP1052E5,AQ0640E1,AP1055E5, , , , , 
AP0961E1,AN0691D1,AN0543D5,AP0540D1,DP0541D1,AQ1060H5, , , , , 
AP0961E1,AN0543D5,AN0691D1,AP0540D1,AQ1060H5,DP0541D1, , , , , 
AP0961E1,AN0691D1,AQ1060H5,DP0541D1,AN0543D5,AP0540D1,AP1056E1, , , , 
AP0961E1,AN0691D1,AN0543D5,AP0540D1,DP0541D1,AQ1060H5,AP1056E1, , , , 
AP0961E1,AN0691D1,AQ1060H5,DP0541D1,AN0543D5,AP0540D1,AN1122Z3,AN1122Z4, , , 
AP0961E1,AN0691D1,AQ1060H5,DP0541D1,AN0543D5,AP0540D1,AP2450E5,AP1056E1, , , 
AP0961E1,,,,,,,,,,
AP0961E2, , , , , , , , , , 
AP1052E5, , , , , , , , , , 
AP1055E5, , , , , , , , , , 
AP1055E5,AP0941D1, , , , , , , , , 
AP1055E5,AP1052E5,AQ0640E1,AP0941D1, , , , , , , 
AP1055E5,AN1064E5,AP0941D1,AP1052E5,AQ0640E1, , , , , , 
AP1055E5,AP1052E5,AQ0640E1,AP0941D1,AN0691D1,AN0691D2, , , , , 
AP1055E5,,,,,,,,,,
AP1056E1, , , , , , , , , , 
AP1056E1,AN1540E5, , , , , , , , , 
AP1056E1,AN0543D5,DP0748D1,DP0590D1, , , , , , , 
AP1056E1,AN0543D5,AP0961E1,DP0748D1, , , , , , , 
AP1056E1,AP0961E1,AP1261E1,AQ1060H5,DI1061G1, , , , , , 
AP1056E1,AN0543D5,AP0961E1,DP0748D1,DP0590D1, , , , , , 
AP1056E1,AN0543D5,AN0691D1,AN1540E5,AP0961E1,DP0161D1, , , , , 
AP1056E1,,,,,,,,,,
AP1119E5, , , , , , , , , , 
AP1261E1, , , , , , , , , , 
AP1261E1,,,,,,,,,,
AP1431E1, , , , , , , , , , 
AP1550E5, , , , , , , , , , 
AP1550E5,AP1261E1, , , , , , , , , 
AP1550E5,,,,,,,,,,
AP1550H5, , , , , , , , , , 
AP2450E5, , , , , , , , , , 
AP2450E5,,,,,,,,,,
AP2451E5, , , , , , , , , , 
AP2480E5, , , , , , , , , , 
AP2480E5,AP2480EM, , , , , , , , , 
AP2480E5,,,,,,,,,,
AQ0540D1, , , , , , , , , , 
AQ0640E1, , , , , , , , , , 
AQ0640E1,,,,,,,,,,
AQ1060H5, , , , , , , , , , 
AQ1060H5,DQ1063H1, , , , , , , , , 
AQ1060H5,,,,,,,,,,
AQ1061H5, , , , , , , , , , 
AQ1155H5, , , , , , , , , , 
AQ1351H5, , , , , , , , , , 
AQ1351H5,AQ1351H5, , , , , , , , , 
AQ1351H5,AQ1351H6, , , , , , , , , 
AQ1351H5,,,,,,,,,,
AQ1351H6, , , , , , , , , , 
AQ1351H6,AQ1351H5, , , , , , , , , 
AQ1351H6,,,,,,,,,,
AQ1451H5, , , , , , , , , , 
AQ1461H5, , , , , , , , , , 
AQ1461H5,AQ1451H9, , , , , , , , , 
AQ1461H5,,,,,,,,,,
AQ1580D1, , , , , , , , , , 
AQ1580D1,,,,,,,,,,
AQ1584D1, , , , , , , , , , 
AQ2060E1, , , , , , , , , , 
AQ2061H5, , , , , , , , , , 
AQ2460I5, , , , , , , , , , 
AQ2460I5,AQ1461H5, , , , , , , , , 
AQ2460I5,DQ2360I5, , , , , , , , , 
AQ3120I1, , , , , , , , , , 
AQ3440E1, , , , , , , , , , 
AQ3440E1,AQ3440E2, , , , , , , , , 
AQ3440E1,AT4435A1,AT3482D1, , , , , , , , 
AQ3440E1,AT3482D1,AT4435A1, , , , , , , , 
AQ3440E1,,,,,,,,,,
AR3141E2, , , , , , , , , , 
AR3141E5, , , , , , , , , , 
AR3141E5,AR3141E2, , , , , , , , , 
AR3141E5,,,,,,,,,,
AR3144E1, , , , , , , , , , 
AR3156E5, , , , , , , , , , 
AR3156E5,,,,,,,,,,
AR3162E1, , , , , , , , , , 
AR3162E1,,,,,,,,,,
AR3340E5, , , , , , , , , , 
AR4130E5, , , , , , , , , , 
AR4130E5,,,,,,,,,,
AR4131E2, , , , , , , , , , 
AR4131E5, , , , , , , , , , 
AR4131E5,AR4131E2, , , , , , , , , 
AR4131E5,,,,,,,,,,
AR4144E5, , , , , , , , , , 
AR4144E5,DR4244E9, , , , , , , , , 
AR4144E5,,,,,,,,,,
AR4145E5, , , , , , , , , , 
AR4145E5,,,,,,,,,,
AR4146E1, , , , , , , , , , 
AR4152E1, , , , , , , , , , 
AR4161C1, , , , , , , , , , 
AR4230E5, , , , , , , , , , 
AR4230E5,,,,,,,,,,
AR4240E5, , , , , , , , , , 
AR4240E5,AR4248E5, , , , , , , , , 
AR4246E5, , , , , , , , , , 
AR4248E5, , , , , , , , , , 
AR4248E5,DR4244E1, , , , , , , , , 
AR4248E5,DR4244E9, , , , , , , , , 
AR4248E5,IR4250E1,GR4250E1, , , , , , , , 
AR4248E5,,,,,,,,,,
AT3441D1, , , , , , , , , , 
AT3441D1,,,,,,,,,,
AT3481D1, , , , , , , , , , 
AT3481D1,,,,,,,,,,
AT3482D1, , , , , , , , , , 
AT3482D1,AT4435A1, , , , , , , , , 
AT3482D1,,,,,,,,,,
AT3484D1, , , , , , , , , , 
AT3484D1,,,,,,,,,,
AT3485D1, , , , , , , , , , 
AT3485D1,,,,,,,,,,
AT3550E1, , , , , , , , , , 
AT3560E1, , , , , , , , , , 
AT4424A1, , , , , , , , , , 
AT4424A1,AT4424A2, , , , , , , , , 
AT4424A1,AT4424A2,DT0138D1,DT0145D1,DT0148D1, , , , , , 
AT4424A1,,,,,,,,,,
AT4424A2, , , , , , , , , , 
AT4424A2,,,,,,,,,,
AT4424A9, , , , , , , , , , 
AT4435A1, , , , , , , , , , 
AT4436A1, , , , , , , , , , 
AT4436A1,,,,,,,,,,
AT5426A1, , , , , , , , , , 
AT5426A1,,,,,,,,,,
AT5441E1, , , , , , , , , , 
AT5441E1,JT6421A1, , , , , , , , , 
AT5441E1,,,,,,,,,,
AU4870A1, , , , , , , , , , 
AU5831E1, , , , , , , , , , 
AV3944D5, , , , , , , , , , 
AV3944D5,,,,,,,,,,
AV3946D5, , , , , , , , , , 
DI0190G1, , , , , , , , , , 
DI0544G1, , , , , , , , , , 
DI0544G1,,,,,,,,,,
DI1061G1,DI1062G1, , , , , , , , , 
DI1062G1, , , , , , , , , , 
DI1062G1,DI1061G1, , , , , , , , , 
DI1062G1,,,,,,,,,,
DI1160G1, , , , , , , , , , 
DI1160G1,,,,,,,,,,
DN0145D1, , , , , , , , , , 
DN0145D1,DP0147D1, , , , , , , , , 
DN0145D1,,,,,,,,,,
DN0196D1, , , , , , , , , , 
DN0196D1,,,,,,,,,,
DN1221A1, , , , , , , , , , 
DP0131D1, , , , , , , , , , 
DP0132D1, , , , , , , , , , 
DP0132D1,,,,,,,,,,
DP0142D1, , , , , , , , , , 
DP0142D1,,,,,,,,,,
DP0147D1, , , , , , , , , , 
DP0147D1,DP0147D2, , , , , , , , , 
DP0147D1,,,,,,,,,,
DP0147D2, , , , , , , , , , 
DP0147D3, , , , , , , , , , 
DP0150D1, , , , , , , , , , 
DP0150D1,,,,,,,,,,
DP0161D1, , , , , , , , , , 
DP0161D1,DP0162D1, , , , , , , , , 
DP0161D1,DP0162D1,DN0145D1, , , , , , , , 
DP0161D1,,,,,,,,,,
DP0162D1, , , , , , , , , , 
DP0180D1, , , , , , , , , , 
DP0180D1,,,,,,,,,,
DP0180D9, , , , , , , , , , 
DP0180D9,DP0180D1, , , , , , , , , 
DP0180D9,,,,,,,,,,
DP0580D1, , , , , , , , , , 
DP0580D1,,,,,,,,,,
DP0591D1, , , , , , , , , , 
DP0631D1, , , , , , , , , , 
DP0748D1, , , , , , , , , , 
DP0748D1,,,,,,,,,,
DP1058E1, , , , , , , , , , 
DP1140D1, , , , , , , , , , 
DQ0130D1, , , , , , , , , , 
DQ0131D1, , , , , , , , , , 
DQ0131D1,DQ0136D1,DQ0134D1, , , , , , , , 
DQ0131D1,DQ0199D1,DQ0199D2, , , , , , , , 
DQ0131D1,DQ0199D1,DQ0199D2,DQ0136D1, , , , , , , 
DQ0134D1, , , , , , , , , , 
DQ0134D1,,,,,,,,,,
DQ0134D8, , , , , , , , , , 
DQ0136D1, , , , , , , , , , 
DQ0136D1,,,,,,,,,,
DQ0137D1, , , , , , , , , , 
DQ0137D1,DQ0134D1, , , , , , , , , 
DQ0137D1,DQ0130D1,DQ0139D1, , , , , , , , 
DQ0137D1,,,,,,,,,,
DQ0139D1, , , , , , , , , , 
DQ0139D1,DQ0136D1, , , , , , , , , 
DQ0139D1,DQ0137D1, , , , , , , , , 
DQ0139D1,DQ0137D1,DQ0130D1, , , , , , , , 
DQ0139D1,DQ0137D1,DT0159D1,DQ0131D1, , , , , , , 
DQ0139D1,DQ0199D1,DQ0199D2,DQ0137D1, , , , , , , 
DQ0139D1,DQ0131D1,DQ0199D2,DQ0199D1, , , , , , , 
DQ0139D1,DQ0131D1,DQ0199D1,DQ0199D2, , , , , , , 
DQ0139D1,DQ0131D1,DQ0137D1,DT0159D1, , , , , , , 
DQ0139D1,DQ0131D1,DQ0137D1,DQ0199D2,DQ0199D1, , , , , , 
DQ0139D1,DQ0131D1,DQ0137D1,DQ0199D1,DQ0199D2, , , , , , 
DQ0139D1,,,,,,,,,,
DQ0159D1, , , , , , , , , , 
DQ0159D1,DQ0137D1,DQ0130D1,DQ0139D1, , , , , , , 
DQ0159D1,DQ0137D1,DQ0131D1,DQ0199D1,DQ0199D2, , , , , , 
DQ0159D1,DQ0139D1,DQ0131D1,DQ0199D1,DQ0199D2, , , , , , 
DQ0159D1,,,,,,,,,,
DQ0198D2, , , , , , , , , , 
DQ0198D2,,,,,,,,,,
DQ0199D1,DQ0199D2, , , , , , , , , 
DQ0199D2, , , , , , , , , , 
DQ0199D2,,,,,,,,,,
DQ0240D1, , , , , , , , , , 
DQ0240D1,,,,,,,,,,
DQ0542H1, , , , , , , , , , 
DQ0542H1,DQ0544H1, , , , , , , , , 
DQ0542H1,,,,,,,,,,
DQ0543H1, , , , , , , , , , 
DQ0543H1,DQ0544H1, , , , , , , , , 
DQ0543H1,,,,,,,,,,
DQ0544H1, , , , , , , , , , 
DQ0544H1,,,,,,,,,,
DQ1063H1, , , , , , , , , , 
DQ1063H1,,,,,,,,,,
DQ1451H5, , , , , , , , , , 
DQ2360I5, , , , , , , , , , 
DQ2360I5,,,,,,,,,,
DQ3140D1, , , , , , , , , , 
DQ3140D1,,,,,,,,,,
DQ4136D1, , , , , , , , , , 
DR4244E1, , , , , , , , , , 
DR4244E1,,,,,,,,,,
DR4244E2, , , , , , , , , , 
DR4244E9, , , , , , , , , , 
DR4244E9,DR4244E1, , , , , , , , , 
DR4244E9,,,,,,,,,,
DT0118D1, , , , , , , , , , 
DT0118D1,,,,,,,,,,
DT0128D1, , , , , , , , , , 
DT0128D1,DT0128D8, , , , , , , , , 
DT0128D1,DT0128D8,DT0128D2, , , , , , , , 
DT0128D1,,,,,,,,,,
DT0128D2, , , , , , , , , , 
DT0128D2,,,,,,,,,,
DT0128D8, , , , , , , , , , 
DT0128D8,DT0128D2, , , , , , , , , 
DT0128D8,DT0145D1,DT0148D1,DT0128D1, , , , , , , 
DT0128D8,,,,,,,,,,
DT0128D9, , , , , , , , , , 
DT0128D9,DT0128D1, , , , , , , , , 
DT0128D9,DT0128D1,DT0128D8, , , , , , , , 
DT0128D9,,,,,,,,,,
DT0136D9, , , , , , , , , , 
DT0138D1, , , , , , , , , , 
DT0138D1,DT0128D1, , , , , , , , , 
DT0138D1,DT0138D5, , , , , , , , , 
DT0138D1,DT0138D8, , , , , , , , , 
DT0138D1,DT0138D8,DT0128D1, , , , , , , , 
DT0138D1,DT0128D1,DT0138D5, , , , , , , , 
DT0138D1,,,,,,,,,,
DT0138D2,,,,,,,,,,
DT0138D8, , , , , , , , , , 
DT0138D8,,,,,,,,,,
DT0140D1,DT0141D1, , , , , , , , , 
DT0140D1,DT0144D1,DT0141D1, , , , , , , , 
DT0140D1,DT0144D1,DT0141D1,DT0145D1, , , , , , , 
DT0140D1,DT0144D1,DT0141D1,DT0145D1,DT0143D1, , , , , , 
DT0140D1,DT0142D1,DT0144D1,DT0141D1,DT0145D1, , , , , , 
DT0141D1,DT0144D1,DT0145D1,DT0143D1, , , , , , , 
DT0142D1, , , , , , , , , , 
DT0142D1,DT0138D1,DT0138D8, , , , , , , , 
DT0142D1,DT0144D1,DT0140D1,DT0141D1,DT0145D1,DT0143D1, , , , , 
DT0142D1,,,,,,,,,,
DT0142D9, , , , , , , , , , 
DT0143D1, , , , , , , , , , 
DT0143D1,DT0143D8, , , , , , , , , 
DT0143D1,DT0128D1,DT0143D1, , , , , , , , 
DT0143D1,,,,,,,,,,
DT0143D2, , , , , , , , , , 
DT0143D2,,,,,,,,,,
DT0143D8, , , , , , , , , , 
DT0143D8,DT0138D1, , , , , , , , , 
DT0143D8,,,,,,,,,,
DT0143D9, , , , , , , , , , 
DT0143D9,,,,,,,,,,
DT0144D1, , , , , , , , , , 
DT0144D1,DT0141D1, , , , , , , , , 
DT0144D1,DT0145D1, , , , , , , , , 
DT0144D1,DT0148D1, , , , , , , , , 
DT0144D1,DT0145D1,DT0128D1, , , , , , , , 
DT0144D1,DT0140D1,DT0141D1, , , , , , , , 
DT0144D1,DT0141D1,DT0145D1, , , , , , , , 
DT0144D1,DT0145D1,DT0148D1, , , , , , , , 
DT0144D1,DT0145D1,DT0148D1,DT0128D1, , , , , , , 
DT0144D1,DT0140D1,DT0141D1,DT0145D1, , , , , , , 
DT0144D1,DT0145D1,DT0128D9,DT0148D1, , , , , , , 
DT0144D1,DT0145D1,DT0138D1,DT0148D1, , , , , , , 
DT0144D1,DT0140D1,DT0141D1,DT0145D1,DT0143D1, , , , , , 
DT0144D1,DT0145D1,DT0128D9,DT0140D1,DT0148D1, , , , , , 
DT0144D1,DT0145D1,DT0136D1,DT0144D1,DT0148D1,DT0128D1, , , , , 
DT0144D1,DT0148D1,DT0128D9,DT0128D1,DT0136D1,DT0138D1,DT0145D1, , , , 
DT0144D1,DT0148D1,DT0128D9,DT0128D1,DT0142D1,DT0138D1,DT0145D1,DT0140D1, , , 
DT0144D1,DT0128D1,DT0128D9,DT0136D1,DT0138D1,DT0145D1,DT0147D1,DT0148D1, , , 
DT0144D1,,,,,,,,,,
DT0145D1, , , , , , , , , , 
DT0145D1,DT0138D1, , , , , , , , , 
DT0145D1,DT0141D1, , , , , , , , , 
DT0145D1,DT0143D1, , , , , , , , , 
DT0145D1,DT0148D1, , , , , , , , , 
DT0145D1,DT0148D1,DT0128D1, , , , , , , , 
DT0145D1,DT0128D1,DT0138D1, , , , , , , , 
DT0145D1,DT0148D1,DT0138D1, , , , , , , , 
DT0145D1,DT0143D1,DT0143D8, , , , , , , , 
DT0145D1,DT0138D1,DT0148D1, , , , , , , , 
DT0145D1,DT0128D1,DT0128D9,DT0143D1, , , , , , , 
DT0145D1,DT0140D1,DT0141D1,DT0145D1, , , , , , , 
DT0145D1,,,,,,,,,,
DT0147D1, , , , , , , , , , 
DT0147D1,,,,,,,,,,
DT0148D1, , , , , , , , , , 
DT0148D1,DT0138D1, , , , , , , , , 
DT0148D1,DT0138D1,DT0128D1, , , , , , , , 
DT0148D1,DT0138D1,DT0138D5, , , , , , , , 
DT0148D1,DT0138D1,DT0138D8, , , , , , , , 
DT0148D1,DT0138D1,DT0138D8,DT0128D1, , , , , , , 
DT0148D1,DT0138D1,DT0128D1,DT0138D1, , , , , , , 
DT0148D1,DT0138D1,DT0128D1,DT0138D5, , , , , , , 
DT0148D1,,,,,,,,,,
DT0159D1, , , , , , , , , , 
DT0159D1,DQ0159D1, , , , , , , , , 
DT0159D1,DT0144D1, , , , , , , , , 
DT0159D1,DQ0159D1,AN6666Z1,AN6666Z2, , , , , , , 
DT0159D1,DQ0159D1,DQ0139D1,DQ0131D1, , , , , , , 
DT0159D1,DQ0139D1,DQ0131D1,DQ0137D1, , , , , , , 
DT0159D1,DQ0159D1,DQ0131D1,DQ0137D1,DQ0139D1,DP0180D9, , , , , 
DT0159D1,DT0139D1,DT0142D1,DQ0198D2,DQ0199D2,DQ0134D1, , , , , 
DT0159D1,DT0139D1,DT0142D1,DQ0198D2,DQ0199D2,DQ0134D1,DT0140D1, , , , 
DT0159D1,DQ0198D2,DQ0199D2,DQ0134D1,DT0140D1,DT0139D1,DQ0137D1,DQ0131D1, , , 
DT0159D1,,,,,,,,,,
DT0164D1, , , , , , , , , , 
DT0164D1,DT0168D1, , , , , , , , , 
DT0164D1,,,,,,,,,,
DT0168D1, , , , , , , , , , 
DT0168D1,,,,,,,,,,
DT0170D1, , , , , , , , , , 
DT0170D1,,,,,,,,,,
DT3399D1, , , , , , , , , , 
DT3451D1, , , , , , , , , , 
DT3541G1, , , , , , , , , , 
DT3541G1,DQ0544H1, , , , , , , , , 
DT3850D1, , , , , , , , , , 
DT3850D1,DT3850D2, , , , , , , , , 
DT3850D1,,,,,,,,,,
DT3850D2, , , , , , , , , , 
DT3850D9, , , , , , , , , , 
DT3850D9,AN4444Z1, , , , , , , , , 
DT3850D9,DT3850D1, , , , , , , , , 
DT3850D9,DT3850D1,DT3850D2, , , , , , , , 
DT3850D9,,,,,,,,,,
DT3851D1, , , , , , , , , , 
DT3851D1,DT3855D1, , , , , , , , , 
DT3851D1,,,,,,,,,,
DT3851D2, , , , , , , , , , 
DT3855D1, , , , , , , , , , 
DT3855D1,,,,,,,,,,
DT4411A1, , , , , , , , , , 
DT4411A1,ET4411A6, , , , , , , , , 
DT4411A1,,,,,,,,,,
DT4550A1, , , , , , , , , , 
DT4552A1, , , , , , , , , , 
DT5421C1, , , , , , , , , , 
DT5421C1,DT5427A1, , , , , , , , , 
DT5427A1, , , , , , , , , , 
DT5427A1,,,,,,,,,,
DT5430A3, , , , , , , , , , 
DT5430E1, , , , , , , , , , 
DT5430E1,,,,,,,,,,
DT5431A1, , , , , , , , , , 
DU0850D1, , , , , , , , , , 
DU0850D1,,,,,,,,,,
DU0850D2, , , , , , , , , , 
DU0850D2,,,,,,,,,,
DU3352D1, , , , , , , , , , 
DU3542D1, , , , , , , , , , 
DU3542D1,DU3542D2, , , , , , , , , 
DU3542D1,,,,,,,,,,
DU3542D2, , , , , , , , , , 
DU3542D9, , , , , , , , , , 
DU3542D9,DU3542D1, , , , , , , , , 
DU3542D9,DU3542D1,DU3542D2, , , , , , , , 
DU3542D9,,,,,,,,,,
DU3840D1, , , , , , , , , , 
DU3851D1, , , , , , , , , , 
DU3851D1,DU3851D2, , , , , , , , , 
DU3852D1, , , , , , , , , , 
DU3852D1,,,,,,,,,,
DU3852D2, , , , , , , , , , 
DU3852D2,,,,,,,,,,
DU3853D1, , , , , , , , , , 
DU3853D1,DU3851D2, , , , , , , , , 
DU3853D1,,,,,,,,,,
DU3854D1, , , , , , , , , , 
DU3854D1,,,,,,,,,,
DU4220A1, , , , , , , , , , 
DU4220A1,,,,,,,,,,
DU5120A1, , , , , , , , , , 
DU5120A1,,,,,,,,,,
DU5120A9, , , , , , , , , , 
DU5220A1, , , , , , , , , , 
DU5220A1,,,,,,,,,,
DU5410A1, , , , , , , , , , 
DU5410A1,,,,,,,,,,
DU6220A1, , , , , , , , , , 
DU6220A1,,,,,,,,,,
DU6221A1, , , , , , , , , , 
DU6232A1, , , , , , , , , , 
DU6233A1, , , , , , , , , , 
DU6891A1, , , , , , , , , , 
DU6892A1, , , , , , , , , , 
DU6892A6, , , , , , , , , , 
DU6892A6,,,,,,,,,,
DU6893A1,EU6810A6, , , , , , , , , 
DU6894A1,DU6892A6, , , , , , , , , 
DU6894A9, , , , , , , , , , 
DV3943D1, , , , , , , , , , 
DV3943D1,,,,,,,,,,
DV8210A1, , , , , , , , , , 
DV8210A1,,,,,,,,,,
DV8210A2, , , , , , , , , , 
DV8210A2,,,,,,,,,,
DV8210A6, , , , , , , , , , 
DV8210A6,,,,,,,,,,
DV8210A9, , , , , , , , , , 
DV8210A9,,,,,,,,,,
DV8210B9, , , , , , , , , , 
DV8210B9,,,,,,,,,,
DV8210X6,,,,,,,,,,
DV8210X9, , , , , , , , , , 
DV8210X9,,,,,,,,,,
DV8211A1, , , , , , , , , , 
DV8211A1,,,,,,,,,,
DV8211A6, , , , , , , , , , 
DV8211A6,,,,,,,,,,
DV8212A1, , , , , , , , , , 
DV8212A1,,,,,,,,,,
DV8220A1, , , , , , , , , , 
DV9210A6,,,,,,,,,,
ER4211A6, , , , , , , , , , 
ER4212A1, , , , , , , , , , 
ER4212A6, , , , , , , , , , 
ER4212A6,,,,,,,,,,
ER5112A6, , , , , , , , , , 
ER5112A9, , , , , , , , , , 
ET4411A6, , , , , , , , , , 
ET4411A6,,,,,,,,,,
ET5411A6, , , , , , , , , , 
ET5490A6, , , , , , , , , , 
ET5491A6, , , , , , , , , , 
EU5410A2, , , , , , , , , , 
EU5410A2,,,,,,,,,,
EU5410A6, , , , , , , , , , 
EU5410A6,EU5410A2, , , , , , , , , 
EU5410A6,,,,,,,,,,
EU5810A6, , , , , , , , , , 
EU5810A9, , , , , , , , , , 
EU6810A6, , , , , , , , , , 
EU6810A6,DT0148D1,DT0145D1,DT0138D1, , , , , , , 
EU6810A6,,,,,,,,,,
EU6811A6, , , , , , , , , , 
EU6811A6,,,,,,,,,,
EU6812A6, , , , , , , , , , 
EU6813A6, , , , , , , , , , 
EU6814A6, , , , , , , , , , 
EU6814A6,,,,,,,,,,
EU6816A6, , , , , , , , , , 
EU7810A6, , , , , , , , , , 
EU7810A6,,,,,,,,,,
EU7812A6, , , , , , , , , , 
EU7812A6,JU8810A6, , , , , , , , , 
EU7812A6,,,,,,,,,,
EU7813A6, , , , , , , , , , 
EU7814A6, , , , , , , , , , 
EU7814A6,,,,,,,,,,
EV6210A1, , , , , , , , , , 
EV6210A1,,,,,,,,,,
EV6210A9, , , , , , , , , , 
EV6210A9,DR4244E9, , , , , , , , , 
EV6210A9,DR4244E9,AR4248E5, , , , , , , , 
GL4G61R1,GL4G71R1,IL4B64P1,IL5R52R1,JT5P58P6,JL5Q67P1, , , , , 
GL4G61R1,GL4G71R1,IL4B64P1,IL5R52R1,JT5P58P6,JL5Q67P1,GL4G62R1, , , , 
GR4132E5, , , , , , , , , , 
GR4143AF, , , , , , , , , , 
GR4143AF,,,,,,,,,,
GR4144AF, , , , , , , , , , 
GR4150E1,IR4150E1, , , , , , , , , 
GR4150E1,,,,,,,,,,
GR4150E2, , , , , , , , , , 
GR4150E2,,,,,,,,,,
GR4151E1, , , , , , , , , , 
GR4151E1,AR4144E5, , , , , , , , , 
GR4151E1,DR4244E9, , , , , , , , , 
GR4152AF, , , , , , , , , , 
GR4152AF,GR4143AF, , , , , , , , , 
GR4152E1, , , , , , , , , , 
GR4152E1,DR4244E9,AR4248E5, , , , , , , , 
GR4152E1,,,,,,,,,,
GR4250E1, , , , , , , , , , 
GR4250E1,IR4250E1, , , , , , , , , 
GR4250E1,,,,,,,,,,
GR5360C8, , , , , , , , , , 
GS4120B1, , , , , , , , , , 
GS4241D1, , , , , , , , , , 
GS4245D1, , , , , , , , , , 
GS4246D1, , , , , , , , , , 
GS5140B1, , , , , , , , , , 
GS5140B1,JS5140B1, , , , , , , , , 
GS5322C5, , , , , , , , , , 
GT4444C1, , , , , , , , , , 
GT4490E1, , , , , , , , , , 
GT4490E1,,,,,,,,,,
GT5437C5, , , , , , , , , , 
GT5439C5, , , , , , , , , , 
GT5444C1, , , , , , , , , , 
GV4920E1, , , , , , , , , , 
GV5921E1, , , , , , , , , , 
GV5921E1,GV5950E1, , , , , , , , , 
GV5921E1,IV5944E3, , , , , , , , , 
GV5933E1, , , , , , , , , , 
GV5950E1, , , , , , , , , , 
GV5950E1,GV5921E1, , , , , , , , , 
IH2551A1, , , , , , , , , , 
IH2551A1,,,,,,,,,,
IH4552A2, , , , , , , , , , 
IH4552A2,,,,,,,,,,
IH4552A3, , , , , , , , , , 
IH4552A3,,,,,,,,,,
IH999999, , , , , , , , , , 
IL6666T1, , , , , , , , , , 
IP0210D1, , , , , , , , , , 
IP0310E1, , , , , , , , , , 
IP0310E1,,,,,,,,,,
IP0320E1, , , , , , , , , , 
IP0320E1,,,,,,,,,,
IP1240D1, , , , , , , , , , 
IR4150E1, , , , , , , , , , 
IR4250E1, , , , , , , , , , 
IR4250E1,GR4250E1, , , , , , , , , 
IR4250E1,,,,,,,,,,
IR4250E2, , , , , , , , , , 
IR5220E1, , , , , , , , , , 
IR5220E1,,,,,,,,,,
IR6240E1, , , , , , , , , , 
IR6240E1,,,,,,,,,,
IR6251E1, , , , , , , , , , 
IR6251E1,,,,,,,,,,
IR6253E1, , , , , , , , , , 
IR6253E1,JR6210E6, , , , , , , , , 
IR6253E1,,,,,,,,,,
IR8312E6, , , , , , , , , , 
IR8312E6,,,,,,,,,,
IR8313E6, , , , , , , , , , 
IR8313E6,,,,,,,,,,
IR8313E9, , , , , , , , , , 
IR8313E9,,,,,,,,,,
IR8318A6,,,,,,,,,,
IR8321E1, , , , , , , , , , 
IR8321E1,,,,,,,,,,
IS5341C1, , , , , , , , , , 
IS8240E1, , , , , , , , , , 
IS8240E1,,,,,,,,,,
IT4320A8, , , , , , , , , , 
IT4320A8,,,,,,,,,,
IT4Q33P1,,,,,,,,,, 
IT4Q33P2,,,,,,,,,, 
IT5420E1, , , , , , , , , , 
IT5420E1,,,,,,,,,,
IT5422E1, , , , , , , , , , 
IT5422E1,,,,,,,,,,
IT5423E1, , , , , , , , , , 
IT5423E1,IT5420E1, , , , , , , , , 
IT5423E1,,,,,,,,,,
IT5423E6, , , , , , , , , , 
IT5424E1, , , , , , , , , , 
IT5424E1,,,,,,,,,,
IT5490A1, , , , , , , , , , 
IT5490A1,,,,,,,,,,
IT5490A9, , , , , , , , , , 
IT5491A1, , , , , , , , , , 
IT5491A9, , , , , , , , , , 
IT6521A1, , , , , , , , , , 
IT6522A1, , , , , , , , , , 
IT7210A6, , , , , , , , , , 
IT7210A6,,,,,,,,,,
IT8511A1, , , , , , , , , , 
IT8511A1,,,,,,,,,,
IT8512A1, , , , , , , , , , 
IT8512A1,,,,,,,,,,
IT8513A1, , , , , , , , , , 
IT8513A1,,,,,,,,,,
IT8513A9, , , , , , , , , , 
IT9120E1, , , , , , , , , , 
IT9120E1,,,,,,,,,,
IT9121E1, , , , , , , , , , 
IT9121E1,,,,,,,,,,
IT9122E1, , , , , , , , , , 
IT9210E6, , , , , , , , , , 
IT9210E6,,,,,,,,,,
IT9211E6, , , , , , , , , , 
IT9211E6,,,,,,,,,,
IU3840E1, , , , , , , , , , 
IU3840E1,IU3840E2, , , , , , , , , 
IU3840E1,,,,,,,,,,
IU3840E9,IU3840E1, , , , , , , , , 
IU3840E9,IU3840E1,IU3840E2, , , , , , , , 
IU3840E9,,,,,,,,,,
IU4820D1, , , , , , , , , , 
IU4820D1,,,,,,,,,,
IU4880D1, , , , , , , , , , 
IU4880D1,,,,,,,,,,
IU5560A1, , , , , , , , , , 
IU5891A1, , , , , , , , , , 
IU5891A9, , , , , , , , , , 
IU6421A8, , , , , , , , , , 
IU6421A8,,,,,,,,,,
IU6422A8, , , , , , , , , , 
IU6422A8,,,,,,,,,,
IU6520A1, , , , , , , , , , 
IV4220A8, , , , , , , , , , 
IV4351D1, , , , , , , , , , 
IV4955D1, , , , , , , , , , 
IV4955D1,,,,,,,,,,
IV4956D1, , , , , , , , , , 
IV4956D1,,,,,,,,,,
IV5192E1, , , , , , , , , , 
IV5220E1, , , , , , , , , , 
IV5220E9, , , , , , , , , , 
IV5823A1, , , , , , , , , , 
IV5936E1, , , , , , , , , , 
IV5937E1, , , , , , , , , , 
IV5937E1,IV5940E1, , , , , , , , , 
IV5937E1,,,,,,,,,,
IV5940E1, , , , , , , , , , 
IV5941E1, , , , , , , , , , 
IV5944E1, , , , , , , , , , 
IV6222E1, , , , , , , , , , 
IV6521A1, , , , , , , , , , 
IV6522A1, , , , , , , , , , 
IV7020A1, , , , , , , , , , 
IV8290E1, , , , , , , , , , 
IV8290E1,,,,,,,,,,
IV9220A6, , , , , , , , , , 
IV9220A6,,,,,,,,,,
IV9221A6, , , , , , , , , , 
IV9222A6, , , , , , , , , , 
IV9222A6,,,,,,,,,,
IV9222X9,,,,,,,,,,
IV9223A6, , , , , , , , , , 
IV9224A6, , , , , , , , , , 
IV9224A6,,,,,,,,,,
IV9226A6, , , , , , , , , , 
IV9226A6,,,,,,,,,,
IV9228A6, , , , , , , , , , 
IV9228A6,,,,,,,,,,
IV9228X9, , , , , , , , , , 
IV9310A6, , , , , , , , , , 
IV9310A6,,,,,,,,,,
IV9311A6, , , , , , , , , , 
IV9312A6, , , , , , , , , , 
IV9313A6, , , , , , , , , , 
IV9313A6,,,,,,,,,,
IW9123E1, , , , , , , , , , 
IW9123E1,,,,,,,,,,
IW9123E4, , , , , , , , , , 
IW9123E4,,,,,,,,,,
IW9123E8, , , , , , , , , , 
IW9123EA, , , , , , , , , , 
IW9124E1, , , , , , , , , , 
IW9124E1,,,,,,,,,,
IW9125E1, , , , , , , , , , 
IW9199E1, , , , , , , , , , 
IW9211E1, , , , , , , , , , 
IW9211E1,,,,,,,,,,
IW9222E1, , , , , , , , , , 
IW9222E1,,,,,,,,,,
IW9222E3, , , , , , , , , , 
IW9222E4, , , , , , , , , , 
IW9222E4,,,,,,,,,,
IW9222EA, , , , , , , , , , 
IW9321E1, , , , , , , , , , 
IW9321E1,,,,,,,,,,
IW9421BD, , , , , , , , , , 
IW9421E1, , , , , , , , , , 
IW9421E1,IW9421E4, , , , , , , , , 
IW9421E1,,,,,,,,,,
IW9421E4, , , , , , , , , , 
IW9421E4,,,,,,,,,,
IW9421E5, , , , , , , , , , 
IW9421E5,,,,,,,,,,
IW9431E1, , , , , , , , , , 
IW9521E1, , , , , , , , , , 
IW9521E1,,,,,,,,,,
IW9521E2, , , , , , , , , , 
IW9521E2,,,,,,,,,,
IW9621E1, , , , , , , , , , 
IW9621E1,,,,,,,,,,
IW9631J1, , , , , , , , , , 
IW9631J1,,,,,,,,,,
IW9632J1, , , , , , , , , , 
IW9632J1,,,,,,,,,,
IW9632J4, , , , , , , , , , 
IW9633J1, , , , , , , , , , 
IW9634J1, , , , , , , , , , 
IW9634J1,,,,,,,,,,
IW9634J4, , , , , , , , , , 
IW9634J5, , , , , , , , , , 
IW9634J5,,,,,,,,,,
IW9636J1, , , , , , , , , , 
IW9636J1,,,,,,,,,,
IW9731J1, , , , , , , , , , 
IW9731J1,,,,,,,,,,
IW9731J2, , , , , , , , , , 
IW9731J2,,,,,,,,,,
IW9741J1, , , , , , , , , , 
IW9741J1,,,,,,,,,,
IW9841J1, , , , , , , , , , 
IW9842J1, , , , , , , , , , 
IW9842J1,,,,,,,,,,
IW9941J1, , , , , , , , , , 
IW9941J1,,,,,,,,,,
IW9942J2, , , , , , , , , , 
IW9942J2,,,,,,,,,,
IW9942J4, , , , , , , , , , 
IX8240E1, , , , , , , , , , 
IX9140E1, , , , , , , , , , 
IX9240E1, , , , , , , , , , 
IX9240E2, , , , , , , , , , 
J96F37M6, , , , , , , , , , 
J96F38P6,J96F39P6, , , , , , , , , 
J96F39P6, , , , , , , , , , 
JL4B71P6, ,,,,,,,,, 
JR4212A6, , , , , , , , , , 
JR5210A6, , , , , , , , , , 
JR6210E6, , , , , , , , , , 
JR6210E6,,,,,,,,,,
JR6211E6, , , , , , , , , , 
JR9010A6, , , , , , , , , , 
JR9010A6,,,,,,,,,,
JR9011A6, , , , , , , , , , 
JR9015A6, , , , , , , , , , 
JR9016A6, , , , , , , , , , 
JS5113A6, , , , , , , , , , 
JS5113A9, , , , , , , , , , 
JS5113A9,JS5113A6, , , , , , , , , 
JS5114A6, , , , , , , , , , 
JS5140B1, , , , , , , , , , 
JS5211A6, , , , , , , , , , 
JS5211A9, , , , , , , , , , 
JS5212A9, , , , , , , , , , 
JS5213A6, , , , , , , , , , 
JS6211A6, , , , , , , , , , 
JS7112A6, , , , , , , , , , 
JS7112A6,JS7113A6, , , , , , , , , 
JS7113A6, , , , , , , , , , 
JS7113A6,,,,,,,,,,
JS7212A6, , , , , , , , , , 
JS7213A6, , , , , , , , , , 
JS8211A6, , , , , , , , , , 
JS8611A6, , , , , , , , , , 
JS8613A6, , , , , , , , , , 
JS9310A6, , , , , , , , , , 
JT4410A8, , , , , , , , , , 
JT4411A8, , , , , , , , , , 
JT4411A8,,,,,,,,,,
JT4415AF, , , , , , , , , , 
JT4415AF,AR4144E5, , , , , , , , , 
JT4421A8, , , , , , , , , , 
JT4421A8,JT4422A8, , , , , , , , , 
JT4421A8,,,,,,,,,,
JT4422A8, , , , , , , , , , 
JT4422A8,IT5491A1, , , , , , , , , 
JT4422A8,JT4421A8, , , , , , , , , 
JT4422A8,JT5820A8, , , , , , , , , 
JT4422A8,JT5823A8, , , , , , , , , 
JT4422A8,JT5823A8,JT4421A8, , , , , , , , 
JT4422A8, ,JT5823A8, , , , , , , , 
JT4422A8,JT5823A8,JT5824A8, , , , , , , , 
JT4422A8,JT5823A8,JT5826A1, , , , , , , , 
JT4422A8,,,,,,,,,,
JT4423A8, , , , , , , , , , 
JT4427A8, , , , , , , , , , 
JT4427A8,IT4320A8, , , , , , , , , 
JT4427A8,JT4423A8, , , , , , , , , 
JT4427A8,,,,,,,,,,
JT4427AF, , , , , , , , , , 
JT4427AF,JT5826AF,DT4550AF, , , , , , , , 
JT4428AF, , , , , , , , , , 
JT4450A8,,,,,,,,,,
JT4Q40P6,,,,,,,,,, 
JT4Q40P6,,,,,,,,,,
JT5311A1, , , , , , , , , , 
JT5311A9, , , , , , , , , , 
JT5412A6, , , , , , , , , , 
JT5412A8, , , , , , , , , , 
JT5412A8,,,,,,,,,,
JT5412A9, , , , , , , , , , 
JT5417A6, , , , , , , , , , 
JT5421E1, , , , , , , , , , 
JT5424C1, , , , , , , , , , 
JT5424C1,JT5429C1, , , , , , , , , 
JT5424C1,,,,,,,,,,
JT5429C1, , , , , , , , , , 
JT5429C1,,,,,,,,,,
JT5820A8, , , , , , , , , , 
JT5820A8,JT5823A8, , , , , , , , , 
JT5820A8,PU5724A8, , , , , , , , , 
JT5820A8,,,,,,,,,,
JT5823A8, , , , , , , , , , 
JT5823A8,IU6421A8,JT5820A8, , , , , , , , 
JT5823A8,,,,,,,,,,
JT5824A8,IU5891A1, , , , , , , , , 
JT5826A1, , , , , , , , , , 
JT5G51P6,GL4G71R1,IL4B64P1,IL5R52R1,JT5P58P6,JL5Q67P1, ,GL4G71R1, , , 
JT5P31P6,,,,,,,,,, 
JT5P3AP8,JT5P42P6,JU5P5CP6,JU5P5DP6,JT5P58P6,JL5Q67P1,JL5Q67P3,JT5P31P6,JT5P42P1,IL5R52R1, 
JT5P42P1,JT5P42P6,JU5P5CP6,JU5P5DP6,JT5P58P6,JL5Q67P1,JL5Q67P3,JT5P31P6,JT5P3AP8,IL5R52R1, 
JT5Q40P6,,,,,,,,,, 
JT6414A6, , , , , , , , , , 
JT6414A6,,,,,,,,,,
JT6415A6, , , , , , , , , , 
JT6416A6, , , , , , , , , , 
JT6421A1, , , , , , , , , , 
JT6421A1,,,,,,,,,,
JT6422A1, , , , , , , , , , 
JT6422A1,,,,,,,,,,
JT6610D8, , , , , , , , , , 
JT8221A6, , , , , , , , , , 
JT9410A6, , , , , , , , , , 
JU5310E6, , , , , , , , , , 
JU5312A6, , , , , , , , , , 
JU5815A1, , , , , , , , , , 
JU5816A1, , , , , , , , , , 
JU5819A1, , , , , , , , , , 
JU5827A1, , , , , , , , , , 
JU5F30O6,,,,,,,,,, 
JU5F30O6,,,,,,,,,,
JU6310E2, , , , , , , , , , 
JU6310E2,,,,,,,,,,
JU6310E6, , , , , , , , , , 
JU6310E6,,,,,,,,,,
JU6310E8, , , , , , , , , , 
JU6310E8,JU6310E6, , , , , , , , , 
JU6310E9, , , , , , , , , , 
JU6310E9,,,,,,,,,,
JU6311A6, , , , , , , , , , 
JU6411A8,,,,,,,,,, 
JU6412A8, , , , , , , , , , 
JU6412A8,,,,,,,,,,
JU6414A8, , , , , , , , , , 
JU6414A8,,,,,,,,,,
JU6510A6, , , , , , , , , , 
JU6611A8, , , , , , , , , , 
JU6712A6, , , , , , , , , , 
JU6718A2, , , , , , , , , , 
JU6810A8, , , , , , , , , , 
JU6811A8, , , , , , , , , , 
JU6811A8,,,,,,,,,,
JU6812A6, , , , , , , , , , 
JU6812A8,,,,,,,,,,
JU6812A9, , , , , , , , , , 
JU6814A6, , , , , , , , , , 
JU6814A6,,,,,,,,,,
JU6814A9, , , , , , , , , , 
JU6822A8, , , , , , , , , , 
JU6822A8,,,,,,,,,,
JU6P11P6,,,,,,,,,, 
JU6P11P6,JU6P14P6,,,,,,,,, 
JU6P11P6,JU6P1CO6,,,,,,,,, 
JU6P11P6,,,,,,,,,,
JU6P14P6,,,,,,,,,, 
JU6P1CO6,,,,,,,,,, 
JU6P1CO6,JU6P1EO6,,,,,,,,, 
JU6P1CO6,,,,,,,,,,
JU6P1DO6,,,,,,,,,, 
JU6P22P6,,,,,,,,,,
JU6P24P1,JU6P24P6,,,,,,,,, 
JU6P24P6,,,,,,,,,, 
JU6P24P6,,,,,,,,,,
JU6P26P6,,,,,,,,,, 
JU6P27P6,,,,,,,,,, 
JU6P29P6,,,,,,,,,, 
JU6P3HP6,,,,,,,,,, 
JU6P3JP6,,,,,,,,,, 
JU6Q14P1,JU6P24P6,,,,,,,,, 
JU7210A6, , , , , , , , , , 
JU7210A9, , , , , , , , , , 
JU7810A6, , , , , , , , , , 
JU7812A6, , , , , , , , , , 
JU7812A9, , , , , , , , , , 
JU7P10P6,JU7P18P6,,,,,,,,, 
JU7P11P6,,,,,,,,,, 
JU7P11P6,JU7P18P6,,,,,,,,, 
JU7P12P6,,,,,,,,,, 
JU7P14P6,,,,,,,,,, 
JU7P15P6,,,,,,,,,, 
JU7P16P6,,,,,,,,,, 
JU7P16P6,,,,,,,,,,
JU7P17P6,,,,,,,,,, 
JU7P18P6,,,,,,,,,, 
JU7P18P6,JU7P10P6,,,,,,,,, 
JU7P18P6,,,,,,,,,,
JU7P1AP6,,,,,,,,,, 
JU7P1AP6,JU7P18P6,,,,,,,,, 
JU7P1AP6,JU7P31P6,,,,,,,,, 
JU7P21O6,,,,,,,,,, 
JU7P22P6,,,,,,,,,, 
JU7P24P6,,,,,,,,,, 
JU7P27P6,,,,,,,,,, 
JU7P2AP6,,,,,,,,,, 
JU7P2AP6,JU7P27P6,,,,,,,,, 
JU7P2DP6,JU6P3HP6,,,,,,,,, 
JU7P2EP6,JU7P2AP6,,,,,,,,, 
JU7P31P6,,,,,,,,,, 
JU8811A6, , , , , , , , , , 
JU8812A6, , , , , , , , , , 
JU8817A6, , , , , , , , , , 
JU8817A6,,,,,,,,,,
JU8818A6, , , , , , , , , , 
JU8818A6,,,,,,,,,,
JU8818A9, , , , , , , , , , 
JU8819A6, , , , , , , , , , 
JU8819A6,,,,,,,,,,
JU8819A9, , , , , , , , , , 
JU8822A6, , , , , , , , , , 
JU8822A6,,,,,,,,,,
JU8824A6, , , , , , , , , , 
JU8891A6, , , , , , , , , , 
JU8892A6, , , , , , , , , , 
JU8893A9, , , , , , , , , , 
JU8895A9, , , , , , , , , , 
JU8899A6, , , , , , , , , , 
JU9010A6, , , , , , , , , , 
JU9010A6,,,,,,,,,,
JU9011A6, , , , , , , , , , 
JU9810A6, , , , , , , , , , 
JU9811A6, , , , , , , , , , 
JU9811A6,,,,,,,,,,
JU9811A9, , , , , , , , , , 
JU9812A6, , , , , , , , , , 
JU9812A6,,,,,,,,,,
JU9812A9, , , , , , , , , , 
JU9890A6, , , , , , , , , , 
JU9892A6, , , , , , , , , , 
JU9892AF, , , , , , , , , , 
JU9P11P6,,,,,,,,,, 
JU9P13P6,,,,,,,,,, 
JV5011A6, , , , , , , , , , 
JV5012A1, , , , , , , , , , 
JV5021A6, , , , , , , , , , 
JV5939E1, , , , , , , , , , 
JV5A41P6, , , , , , , , , , 
JV8523A6, , , , , , , , , , 
JV8P62P6, , , , , , , , , , 
JV9110A1, , , , , , , , , , 
JV9111A2, , , , , , , , , , 
JV9211A6, , , , , , , , , , 
JV9311A1, , , , , , , , , , 
JX7A1AN6, , , , , , , , , , 
JX9210A5, , , , , , , , , , 
JX9210A6, , , , , , , , , , 
JX9210A6,,,,,,,,,,
JX9211A6, , , , , , , , , , 
JX9211A6,,,,,,,,,,
JX9212A6, , , , , , , , , , 
JX9212A6,,,,,,,,,,
MN0180E1, , , , , , , , , , 
MP0280E1, , , , , , , , , , 
MP0280E1,,,,,,,,,,
MP0370D1, , , , , , , , , , 
MP0370D9, , , , , , , , , , 
MS4142E1, , , , , , , , , , 
MS4142E1,,,,,,,,,,
MS4142E9, , , , , , , , , , 
MW9124E1, , , , , , , , , , 
MW9124E1,,,,,,,,,,
MW9126E1, , , , , , , , , , 
MW9126E1,,,,,,,,,,
MW9932J1, , , , , , , , , , 
MW9941J1, , , , , , , , , , 
MW9951J1, , , , , , , , , , 
NS9111A6, , , , , , , , , , 
NS9112A6, , , , , , , , , , 
NS9113A6, , , , , , , , , , 
NS9114A6, , , , , , , , , , 
NS9115A6, , , , , , , , , , 
NT6610D8, , , , , , , , , , 
NT6612D8, , , , , , , , , , 
PU5724A8, , , , , , , , , , 
PU5724A8,,,,,,,,,,
TN0290E1, , , , , , , , , , 
TN0290E9, , , , , , , , , , 
TN0291E1, , , , , , , , , , 
TN0291E9, , , , , , , , , , 
TP0150E1, , , , , , , , , , 
TP0151E1, , , , , , , , , , 
TX3600A1, , , , , , , , , , 
TX3720A1, , , , , , , , , , 
TX3750A1, , , , , , , , , , 
TX3950A1, , , , , , , , , , 
XA800061, , , , , , , , , , 
